{"count":1,"self":76.6079616,"total":315.0357636,"children":{"InitializeActuators":{"count":18,"self":0.0010100999999999999,"total":0.0010100999999999999,"children":null},"InitializeSensors":{"count":18,"self":0.0010061999999999998,"total":0.0010061999999999998,"children":null},"AgentInfo.ToProto":{"count":9,"self":0.0010079,"total":0.004069,"children":{"GenerateSensorData":{"count":9,"self":0.0030610999999999998,"total":0.0030610999999999998,"children":null}}},"AgentSendState":{"count":238151,"self":1.2657467999999998,"total":3.0273901999999997,"children":{"CollectObservations":{"count":128592,"self":0.2590206,"total":0.2590206,"children":null},"WriteActionMask":{"count":128592,"self":0.30894119999999997,"total":0.30894119999999997,"children":null},"RequestDecision":{"count":128592,"self":0.5235032,"total":1.1936816,"children":{"AgentInfo.ToProto":{"count":58386,"self":0.329938,"total":0.6701784,"children":{"GenerateSensorData":{"count":58386,"self":0.3402404,"total":0.3402404,"children":null}}}}}}},"DecideAction":{"count":238151,"self":232.6715648,"total":232.67155979999998,"children":null},"AgentAct":{"count":238151,"self":2.3467954,"total":2.7217591999999997,"children":{"AgentInfo.ToProto":{"count":14674,"self":0.2738412,"total":0.37496379999999996,"children":{"GenerateSensorData":{"count":14674,"self":0.10112259999999999,"total":0.10112259999999999,"children":null}}}}}},"gauges":{"playerX.CumulativeReward":{"count":14683,"max":1,"min":-1,"runningAverage":-0.654089868,"value":-1,"weightedAverage":-0.9999999},"playerO.CumulativeReward":{"count":14683,"max":1,"min":-1,"runningAverage":0.654089868,"value":1,"weightedAverage":0.9999999}},"metadata":{"timer_format_version":"0.1.0","start_time_seconds":"1681674786","unity_version":"2021.3.8f1","command_line_arguments":"C:\\Program Files\\Unity 2021.3.8f1\\Editor\\Unity.exe -projectpath D:\\DNO\\unity_assets\\tictactoe -useHub -hubIPC -cloudEnvironment production -licensingIpc LicenseClient-1-5b4917T9hcdcCFN5Pfi -hubSessionId ab8e1948-2076-4c70-a960-3ba01d00887d -accessToken HDQgJNBwfA0xpDOo3UkY-KNGfJAWPqShrGpx0m2QtZQ005f","communication_protocol_version":"1.5.0","com.unity.ml-agents_version":"2.0.1","scene_name":"trainingO","end_time_seconds":"1681675101"}}